<?xml version="1.0" encoding="UTF-8"?>
<IPPNIO xmlns:xsi="http://www.w3.org/2001/XMLSchema-instance" xsi:noNamespaceSchemaLocation="IPPNIO.xsd"><CtlrParas><CtlrIP d1="169" d2="254" d3="251" d4="11" ExCRC="1"/><CtlrMask d1="255" d2="255" d3="0" d4="0" ExCRC="1"/><CtlrGate d1="169" d2="254" d3="251" d4="11" ExCRC="1"/><StatN>ilc-151-eth1</StatN><Station ExCRC="1">Moje PLC</Station><DevName ExCRC="1"></DevName><ModEquId ExCRC="1"></ModEquId><FDCMLFile>ETHERNET\Phoenix Contact\ilc_151_ethmce_dtmv00_4.40.xml</FDCMLFile></CtlrParas></IPPNIO>
